pose_id,mode,view,before_occ_pct,after_occ_pct,before_sil_pct,after_sil_pct,before_clipped,after_clipped
power-stance,avatar,front,44.7,44.7,15.4,16.2,0,0
power-stance,avatar,side,28.1,28.1,10.3,10.4,0,0
power-stance,avatar,quarter,38.5,38.5,13.8,14.1,0,0
power-stance,skeleton,front,44.7,44.7,37.3,48.3,0,0
power-stance,skeleton,side,28.1,28.1,36.3,47.1,0,0
power-stance,skeleton,quarter,38.5,38.5,36.8,47.7,0,0
power-stance,ghost,front,44.7,44.7,23.2,36.4,0,0
power-stance,ghost,side,28.1,28.1,21.6,36.5,0,0
power-stance,ghost,quarter,38.5,38.5,22.2,36.5,0,0
scurve-stand,avatar,front,51.5,51.5,14.9,16.7,0,0
scurve-stand,avatar,side,30.4,30.4,10.6,10.6,0,0
scurve-stand,avatar,quarter,46.3,46.3,13.8,15.0,0,0
scurve-stand,skeleton,front,51.5,51.5,37.3,48.3,0,0
scurve-stand,skeleton,side,30.4,30.4,36.3,47.1,0,0
scurve-stand,skeleton,quarter,46.3,46.3,36.8,47.7,0,0
scurve-stand,ghost,front,51.5,51.5,23.1,37.5,0,0
scurve-stand,ghost,side,30.4,30.4,21.5,36.5,0,0
scurve-stand,ghost,quarter,46.3,46.3,22.2,36.6,0,0
fashion-power-stance-classic,avatar,front,66.6,66.6,15.7,12.9,0,0
fashion-power-stance-classic,avatar,side,30.0,30.0,10.1,8.1,0,0
fashion-power-stance-classic,avatar,quarter,52.6,52.6,13.5,11.0,0,0
fashion-power-stance-classic,skeleton,front,66.6,66.6,37.3,48.3,0,0
fashion-power-stance-classic,skeleton,side,30.0,30.0,36.3,47.1,0,0
fashion-power-stance-classic,skeleton,quarter,52.6,52.6,36.8,47.7,0,0
fashion-power-stance-classic,ghost,front,66.6,66.6,24.5,35.3,0,0
fashion-power-stance-classic,ghost,side,30.0,30.0,21.8,34.1,0,0
fashion-power-stance-classic,ghost,quarter,52.6,52.6,23.5,35.0,0,0
crossed-arms-stand,avatar,front,46.6,46.6,15.4,15.7,0,0
crossed-arms-stand,avatar,side,28.3,28.3,10.6,10.4,0,0
crossed-arms-stand,avatar,quarter,41.3,41.3,14.5,14.3,0,0
crossed-arms-stand,skeleton,front,46.6,46.6,37.3,48.3,0,0
crossed-arms-stand,skeleton,side,28.3,28.3,36.3,47.1,0,0
crossed-arms-stand,skeleton,quarter,41.3,41.3,36.8,47.7,0,0
crossed-arms-stand,ghost,front,46.6,46.6,23.7,36.2,0,0
crossed-arms-stand,ghost,side,28.3,28.3,21.7,36.5,0,0
crossed-arms-stand,ghost,quarter,41.3,41.3,22.8,36.4,0,0
soft-sit,avatar,front,32.7,32.7,13.5,21.8,0,0
soft-sit,avatar,side,18.1,18.1,9.4,22.8,0,0
soft-sit,avatar,quarter,26.9,26.9,12.8,29.0,0,0
soft-sit,skeleton,front,32.7,32.7,37.3,48.3,0,0
soft-sit,skeleton,side,18.1,18.1,36.3,47.1,0,0
soft-sit,skeleton,quarter,26.9,26.9,36.8,47.7,0,0
soft-sit,ghost,front,32.7,32.7,21.4,32.9,0,0
soft-sit,ghost,side,18.1,18.1,20.1,44.6,0,0
soft-sit,ghost,quarter,26.9,26.9,20.7,37.0,0,0
window-seat,avatar,front,26.6,26.6,13.3,31.6,0,0
window-seat,avatar,side,19.9,19.9,9.3,21.5,0,0
window-seat,avatar,quarter,26.8,26.8,11.8,26.4,0,0
window-seat,skeleton,front,26.6,26.6,37.3,48.3,0,0
window-seat,skeleton,side,19.9,19.9,36.3,47.1,0,0
window-seat,skeleton,quarter,26.8,26.8,36.8,47.7,0,0
window-seat,ghost,front,26.6,26.6,21.3,39.8,0,0
window-seat,ghost,side,19.9,19.9,19.9,43.8,0,0
window-seat,ghost,quarter,26.8,26.8,20.8,38.1,0,0
forearms-crossed-table,avatar,front,33.4,33.4,14.1,23.4,0,0
forearms-crossed-table,avatar,side,23.4,23.4,10.8,22.5,0,0
forearms-crossed-table,avatar,quarter,30.7,30.7,13.8,26.8,0,0
forearms-crossed-table,skeleton,front,33.4,33.4,37.3,48.3,0,0
forearms-crossed-table,skeleton,side,23.4,23.4,36.3,47.1,0,0
forearms-crossed-table,skeleton,quarter,30.7,30.7,36.8,47.7,0,0
forearms-crossed-table,ghost,front,33.4,33.4,22.5,33.7,0,0
forearms-crossed-table,ghost,side,23.4,23.4,20.4,43.0,0,0
forearms-crossed-table,ghost,quarter,30.7,30.7,21.3,35.7,0,0
both-knees,avatar,front,39.5,39.5,15.9,16.4,0,0
both-knees,avatar,side,29.6,29.6,12.8,12.0,0,0
both-knees,avatar,quarter,35.9,35.9,15.6,15.5,0,0
both-knees,skeleton,front,39.5,39.5,39.0,50.5,0,0
both-knees,skeleton,side,29.6,29.6,37.2,48.3,0,0
both-knees,skeleton,quarter,35.9,35.9,38.4,49.8,0,0
both-knees,ghost,front,39.5,39.5,24.1,35.6,0,0
both-knees,ghost,side,29.6,29.6,22.6,35.8,0,0
both-knees,ghost,quarter,35.9,35.9,23.5,35.6,0,0
knights-kneel,avatar,front,32.1,32.1,16.1,26.8,0,0
knights-kneel,avatar,side,27.4,27.4,11.6,16.3,0,0
knights-kneel,avatar,quarter,30.3,30.3,15.6,25.0,0,0
knights-kneel,skeleton,front,32.1,32.1,37.3,48.3,0,0
knights-kneel,skeleton,side,27.4,27.4,36.3,47.1,0,0
knights-kneel,skeleton,quarter,30.3,30.3,36.8,47.7,0,0
knights-kneel,ghost,front,32.1,32.1,22.7,39.2,0,0
knights-kneel,ghost,side,27.4,27.4,20.2,40.7,0,0
knights-kneel,ghost,quarter,30.3,30.3,21.5,40.1,0,0
starfish,avatar,front,37.8,37.8,38.3,35.2,0,0
starfish,avatar,side,35.8,35.8,37.4,33.1,0,0
starfish,avatar,quarter,34.6,34.6,37.8,34.9,0,0
starfish,skeleton,front,37.8,37.8,39.0,50.5,0,0
starfish,skeleton,side,35.8,35.8,37.2,48.3,0,0
starfish,skeleton,quarter,34.6,34.6,38.4,49.8,0,0
starfish,ghost,front,37.8,37.8,45.6,31.2,0,0
starfish,ghost,side,35.8,35.8,49.4,33.1,0,0
starfish,ghost,quarter,34.6,34.6,47.7,32.6,0,0
lounger-recline,avatar,front,24.5,24.5,9.8,21.0,0,0
lounger-recline,avatar,side,30.0,30.0,9.8,13.3,0,0
lounger-recline,avatar,quarter,24.5,24.5,11.3,22.2,0,0
lounger-recline,skeleton,front,24.5,24.5,37.3,48.3,0,0
lounger-recline,skeleton,side,30.0,30.0,36.3,47.1,0,0
lounger-recline,skeleton,quarter,24.5,24.5,36.8,47.7,0,0
lounger-recline,ghost,front,24.5,24.5,18.3,31.9,0,0
lounger-recline,ghost,side,30.0,30.0,20.9,33.7,0,0
lounger-recline,ghost,quarter,24.5,24.5,20.3,34.0,0,0
crouching-prowl,avatar,front,31.6,31.6,14.7,28.2,0,0
crouching-prowl,avatar,side,23.7,23.7,10.7,18.2,0,0
crouching-prowl,avatar,quarter,28.9,28.9,14.4,28.9,0,0
crouching-prowl,skeleton,front,31.6,31.6,39.0,50.5,0,0
crouching-prowl,skeleton,side,23.7,23.7,37.2,48.3,0,0
crouching-prowl,skeleton,quarter,28.9,28.9,38.4,49.8,0,0
crouching-prowl,ghost,front,31.6,31.6,21.3,39.0,0,0
crouching-prowl,ghost,side,23.7,23.7,20.1,42.2,0,0
crouching-prowl,ghost,quarter,28.9,28.9,20.7,42.0,0,0
leap-forward,avatar,front,29.2,29.2,13.3,14.0,0,0
leap-forward,avatar,side,53.1,53.1,11.6,11.5,0,0
leap-forward,avatar,quarter,37.2,37.2,12.2,12.5,0,0
leap-forward,skeleton,front,29.2,29.2,37.3,48.3,0,0
leap-forward,skeleton,side,53.1,53.1,36.3,47.1,0,0
leap-forward,skeleton,quarter,37.2,37.2,36.8,47.7,0,0
leap-forward,ghost,front,29.2,29.2,21.8,36.1,0,0
leap-forward,ghost,side,53.1,53.1,22.1,36.7,0,0
leap-forward,ghost,quarter,37.2,37.2,21.8,36.2,0,0
arms-overhead,avatar,front,52.2,52.2,15.1,11.0,1,1
arms-overhead,avatar,side,36.2,36.2,10.8,7.7,1,1
arms-overhead,avatar,quarter,48.7,48.7,13.5,9.9,1,1
arms-overhead,skeleton,front,52.2,52.2,37.3,48.3,1,1
arms-overhead,skeleton,side,36.2,36.2,36.3,47.1,1,1
arms-overhead,skeleton,quarter,48.7,48.7,36.8,47.7,1,1
arms-overhead,ghost,front,52.2,52.2,23.8,33.5,1,1
arms-overhead,ghost,side,36.2,36.2,22.3,33.5,1,1
arms-overhead,ghost,quarter,48.7,48.7,23.0,33.6,1,1
cross-body-arm,avatar,front,39.0,39.0,17.5,18.2,0,0
cross-body-arm,avatar,side,25.4,25.4,11.1,10.5,0,0
cross-body-arm,avatar,quarter,37.4,37.4,15.8,16.6,0,0
cross-body-arm,skeleton,front,39.0,39.0,39.0,50.5,0,0
cross-body-arm,skeleton,side,25.4,25.4,37.2,48.3,0,0
cross-body-arm,skeleton,quarter,37.4,37.4,38.4,49.8,0,0
cross-body-arm,ghost,front,39.0,39.0,25.3,36.2,0,0
cross-body-arm,ghost,side,25.4,25.4,22.5,35.8,0,0
cross-body-arm,ghost,quarter,37.4,37.4,24.3,36.2,0,0
face-touch,avatar,front,46.5,46.5,18.0,19.1,0,0
face-touch,avatar,side,24.6,24.6,11.2,11.4,0,0
face-touch,avatar,quarter,40.6,40.6,16.3,17.7,0,0
face-touch,skeleton,front,46.5,46.5,39.0,50.5,0,0
face-touch,skeleton,side,24.6,24.6,37.2,48.3,0,0
face-touch,skeleton,quarter,40.6,40.6,38.4,49.8,0,0
face-touch,ghost,front,46.5,46.5,24.9,36.7,0,0
face-touch,ghost,side,24.6,24.6,22.5,36.2,0,0
face-touch,ghost,quarter,40.6,40.6,24.0,36.5,0,0
hip-shift,avatar,front,42.3,42.3,15.1,15.7,0,0
hip-shift,avatar,side,35.3,35.3,10.6,10.5,0,0
hip-shift,avatar,quarter,42.7,42.7,13.5,13.9,0,0
hip-shift,skeleton,front,42.3,42.3,37.3,48.3,0,0
hip-shift,skeleton,side,35.3,35.3,36.3,47.1,0,0
hip-shift,skeleton,quarter,42.7,42.7,36.8,47.7,0,0
hip-shift,ghost,front,42.3,42.3,22.4,36.2,0,0
hip-shift,ghost,side,35.3,35.3,21.7,36.5,0,0
hip-shift,ghost,quarter,42.7,42.7,22.2,36.6,0,0
editorial-extreme-forward-lean,avatar,front,44.7,44.7,14.8,17.7,0,0
editorial-extreme-forward-lean,avatar,side,30.3,30.3,10.8,11.7,0,0
editorial-extreme-forward-lean,avatar,quarter,43.1,43.1,13.4,16.1,0,0
editorial-extreme-forward-lean,skeleton,front,44.7,44.7,37.3,48.3,0,0
editorial-extreme-forward-lean,skeleton,side,30.3,30.3,36.3,47.1,0,0
editorial-extreme-forward-lean,skeleton,quarter,43.1,43.1,36.8,47.7,0,0
editorial-extreme-forward-lean,ghost,front,44.7,44.7,22.8,38.2,0,0
editorial-extreme-forward-lean,ghost,side,30.3,30.3,21.8,37.0,0,0
editorial-extreme-forward-lean,ghost,quarter,43.1,43.1,22.6,37.5,0,0
wall-lean,avatar,front,54.9,54.9,34.6,42.7,0,0
wall-lean,avatar,side,22.5,22.5,10.8,10.4,0,0
wall-lean,avatar,quarter,45.7,45.7,27.2,33.0,0,0
wall-lean,skeleton,front,54.9,54.9,47.8,60.2,0,0
wall-lean,skeleton,side,22.5,22.5,36.6,47.5,0,0
wall-lean,skeleton,quarter,45.7,45.7,43.7,55.6,0,0
wall-lean,ghost,front,54.9,54.9,37.1,36.3,0,0
wall-lean,ghost,side,22.5,22.5,22.2,35.7,0,0
wall-lean,ghost,quarter,45.7,45.7,31.8,36.0,0,0
chair-lean-forward,avatar,front,18.3,18.3,11.3,33.2,0,0
chair-lean-forward,avatar,side,18.5,18.5,9.5,24.8,0,0
chair-lean-forward,avatar,quarter,20.1,20.1,11.1,30.7,0,0
chair-lean-forward,skeleton,front,18.3,18.3,37.3,48.3,0,0
chair-lean-forward,skeleton,side,18.5,18.5,36.3,47.1,0,0
chair-lean-forward,skeleton,quarter,20.1,20.1,36.8,47.7,0,0
chair-lean-forward,ghost,front,18.3,18.3,20.5,44.7,0,0
chair-lean-forward,ghost,side,18.5,18.5,20.2,44.9,0,0
chair-lean-forward,ghost,quarter,20.1,20.1,20.5,45.4,0,0
table-elbow-single,avatar,front,31.5,31.5,14.6,28.2,0,0
table-elbow-single,avatar,side,25.9,25.9,11.4,25.4,0,0
table-elbow-single,avatar,quarter,29.0,29.0,12.2,26.1,0,0
table-elbow-single,skeleton,front,31.5,31.5,37.3,48.3,0,0
table-elbow-single,skeleton,side,25.9,25.9,36.3,47.1,0,0
table-elbow-single,skeleton,quarter,29.0,29.0,36.8,47.7,0,0
table-elbow-single,ghost,front,31.5,31.5,21.3,38.0,0,0
table-elbow-single,ghost,side,25.9,25.9,20.1,42.6,0,0
table-elbow-single,ghost,quarter,29.0,29.0,20.7,44.5,0,0
couple-embrace,avatar,front,47.4,47.4,15.4,16.6,0,0
couple-embrace,avatar,side,24.5,24.5,9.8,9.7,0,0
couple-embrace,avatar,quarter,40.0,40.0,14.1,14.8,0,0
couple-embrace,skeleton,front,47.4,47.4,37.3,48.3,0,0
couple-embrace,skeleton,side,24.5,24.5,36.3,47.1,0,0
couple-embrace,skeleton,quarter,40.0,40.0,36.8,47.7,0,0
couple-embrace,ghost,front,47.4,47.4,22.5,36.8,0,0
couple-embrace,ghost,side,24.5,24.5,21.4,36.0,0,0
couple-embrace,ghost,quarter,40.0,40.0,22.0,36.8,0,0
wheelchair-arms,avatar,front,47.3,47.3,15.1,15.5,0,0
wheelchair-arms,avatar,side,27.6,27.6,9.9,15.0,0,0
wheelchair-arms,avatar,quarter,39.6,39.6,14.2,20.9,0,0
wheelchair-arms,skeleton,front,47.3,47.3,37.3,48.3,0,0
wheelchair-arms,skeleton,side,27.6,27.6,36.3,47.1,0,0
wheelchair-arms,skeleton,quarter,39.6,39.6,36.8,47.7,0,0
wheelchair-arms,ghost,front,47.3,47.3,23.0,32.1,0,0
wheelchair-arms,ghost,side,27.6,27.6,20.2,40.1,0,0
wheelchair-arms,ghost,quarter,39.6,39.6,21.6,36.2,0,0
fashion-strong-silhouette-cape,avatar,front,48.0,48.0,15.5,16.3,0,0
fashion-strong-silhouette-cape,avatar,side,27.4,27.4,10.6,10.4,0,0
fashion-strong-silhouette-cape,avatar,quarter,39.2,39.2,14.1,14.5,0,0
fashion-strong-silhouette-cape,skeleton,front,48.0,48.0,37.3,48.3,0,0
fashion-strong-silhouette-cape,skeleton,side,27.4,27.4,36.3,47.1,0,0
fashion-strong-silhouette-cape,skeleton,quarter,39.2,39.2,36.8,47.7,0,0
fashion-strong-silhouette-cape,ghost,front,48.0,48.0,22.7,36.4,0,0
fashion-strong-silhouette-cape,ghost,side,27.4,27.4,21.8,36.3,0,0
fashion-strong-silhouette-cape,ghost,quarter,39.2,39.2,22.3,36.4,0,0
power-stance,avatar,front,44.7,44.7,15.4,16.2,0,0
soft-sit,avatar,front,32.7,32.7,13.5,21.8,0,0
both-knees,avatar,front,39.5,39.5,15.9,16.4,0,0
starfish,avatar,front,37.8,37.8,38.3,35.2,0,0
leap-forward,avatar,front,29.2,29.2,13.3,14.0,0,0
face-touch,avatar,front,46.5,46.5,18.0,19.1,0,0